ax,ay,az,aigx,aigy,aigz,rralpha,rrbeta,rrgamma
0.9183567824241539,0.40114124174521953,0.8350274168965798,0.7197467018686605,0.49206760600906274,0.8701331750989864,16.243199768840885,18.913896582034504,17.571580284037637
0.4175469072930595,0.44777002936534077,0.8533136886973754,0.5220118657570243,0.7033915577641948,0.9146571180772216,16.966137490145975,12.354724813850916,16.085108188278333
0.5143491016332842,0.31107468799311755,0.7680057762088853,0.45084037610655897,0.36505254429265027,0.7618364224682116,12.484969087832539,10.752019958931479,17.52337100314126
0.5279521067930143,0.2807013075696292,0.7958873557468505,0.4812659968469916,0.33365209853768946,0.8097267700428613,12.30822394614528,10.502009334336298,18.272161358548992
0.5985566644767185,0.3849289350210126,0.8708972115915565,0.5403365711503734,0.40802037036246147,0.8692420213844774,9.763804490013628,9.687092220376654,12.538041145776306
0.4324925872692023,0.46307041225805123,0.4986954112739719,0.670542685566515,0.43696369138929364,0.5127274539280257,8.41292556762516,13.312793724317482,20.112141092608507
0.4453241535763037,0.5074644787129022,0.9149730807348423,0.5008738678282314,0.5303927962153123,0.9058396200571925,14.20406578041702,12.80097204151627,16.197966219368375
0.4848846813692515,0.4421327752218814,0.8512574638726488,0.5206148100323015,0.4575096209503856,0.8430751716159265,13.941735631020025,11.103471083887367,14.130875258103037
0.3903249580931944,0.39412156754689803,0.8960177529439254,0.35494505080939864,0.35568550332207666,0.9037204681095438,14.190235465075824,9.083846940966465,14.192882229596494
0.4704884228474451,0.4695924064199814,0.8900233188202383,0.47535576381808015,0.4375634120597375,0.9224701916267706,14.16086427609228,14.569107803932928,19.830746576944875
0.3039736267206029,0.8074793942573965,0.8599038402074859,0.36223879251193347,0.7969744169503779,0.9064198015329076,13.112507796365264,19.167380189017383,18.940128644915724
0.6750301708419522,0.8719402249228827,0.5633494741387908,0.5308368841657535,0.5877074791478785,0.514478399174713,10.011599730772673,19.440709261846635,31.935459358533468
0.6056929874685848,0.3123799095606202,0.605299407531321,0.578702647146874,0.365116904201365,0.6242896091248303,11.203764870349602,8.214374074237059,8.204868286857083
0.5126186511181454,0.4237030931163987,0.6760081219697857,0.5068431868809727,0.32483180681127716,0.6750866600977679,13.925354656313056,11.568966262306212,15.66164493539639
0.37095665401808653,0.37802369396656454,0.6599939595799504,0.38716390968009934,0.41712663958212415,0.6419612498587605,9.074292479326669,9.238780836075147,12.295310793633526
0.4294588694970665,0.3887524293696213,0.8660688797062392,0.4618689813953573,0.45629595704178255,0.8763172099108973,14.301819564774041,12.566359505888602,12.121920216508757
0.40861953082585345,0.4581539333976535,1.056315268079192,0.4705159507075139,0.5008087837797763,1.0658202256175477,14.641196483611706,11.861893495058553,10.421015578093149
0.6590212481051065,0.4780718342272283,0.9480939087113607,0.5923490897211404,0.5078622835015599,0.9470968624374321,10.284327656928808,9.925015526305485,9.083829456102626
0.4322395724930892,0.44446160169769294,0.6504235455758579,0.6361040860185775,0.4820126048530637,0.6539478087127629,10.00872824379552,9.119641186927474,8.293949259433685
0.4756863771359105,0.5271615525357355,0.8287618552417081,0.48094542922973554,0.5014942683038707,0.8277205064716979,7.500243743732875,9.859754159559587,10.988993208898952
0.3753406464348493,0.4375241529148721,0.7791077934074867,0.39814424683725486,0.46435956475922935,0.7754238363185467,9.025321052019292,7.539771706835835,10.686344986767674
0.3917231587901427,0.20669055886320642,0.6887574888969867,0.4263119476751196,0.2531221426870501,0.6902640132855199,8.89006748638015,7.825421425451116,8.684421919161242
0.6755176362386267,0.42387846490170267,0.9622076442055655,0.5526653806944174,0.4892391696095072,0.9076179236067784,12.639569598557367,9.944081215293165,10.961449765143218
0.4476005339918525,0.23261735464905856,0.7376271760104252,0.42363732976785107,0.2473854184068046,0.7456990260940358,9.579176410937615,7.891854091691849,6.765195236741319
0.2860604277935105,0.4730485743328878,0.7691844764387002,0.3330489015196512,0.4992740654235104,0.7725609692109354,12.001496582093246,8.957969750893291,10.976805687093124
0.3700713778879545,0.3682694494192388,0.8027422511375467,0.4020099495865309,0.3770408341615004,0.7865422464792946,9.4569295904094,8.8825929982424,6.145840060389943
0.4670869290806205,0.3662534911834389,0.6388690642515764,0.5164289130559779,0.45117424740244444,0.6370650167926771,12.605349931937614,16.707894184440626,14.880490356494473
0.3559026029949685,0.45845844186101903,0.8401094512304297,0.3956030293173544,0.5088550984941358,0.8766731700364345,10.778206982125994,14.22143767128549,10.989670757572215
0.4517683546758615,0.6219473902855844,0.602660786277364,0.47346093545490503,0.6800575082091906,0.5735087235082728,7.62352377568199,16.30623814301531,19.298603785523618
0.4470915067822453,0.4218884167525257,0.8711713092237993,0.5184140382026087,0.46336352246518886,0.8536315636853177,10.756391896772287,9.220519486550486,14.620570452880132
0.32709166466293965,0.3748769482806891,0.8290086212508722,0.37153002941925484,0.4491602286523751,0.8185713737827622,10.817802048177834,8.578147724811357,9.464312298523948
0.48616382345170733,0.4454553466351007,0.7901116665339617,0.5253067819055318,0.4641426901065842,0.7800151504933629,12.353429678773201,10.703091199080827,11.407342846464903
0.46388742656501486,0.4036786964859441,0.976819136120744,0.5099283844387577,0.4926850740775855,0.9728117598515497,12.63680537450343,11.726523026956585,9.659849272834897
0.41464535507081307,0.6640061313789387,0.9142694415033502,0.459080542248877,0.6859183676248186,0.9234249548480719,12.362528111482595,9.140797869981316,9.203984755968516
0.3427835170376963,0.46620621170867654,0.7184784734504532,0.35474425044410757,0.45594714659925506,0.6686952753116768,8.367493324119563,9.875714896672296,12.799704746401481
0.5701018589848296,0.46822111997576793,0.8612583371226191,0.6061438289090376,0.46089806662997,0.822196581701417,10.293105283779902,10.172639256592685,9.362767822783638
0.46908149462555415,0.5326744175435661,1.306879124719569,0.5217381805389256,0.43137134233941427,1.310678693263627,16.964706196152893,12.41290000409475,20.416352930581027
0.4477933681755363,0.36403984666807787,0.9103732866032967,0.5249095834155985,0.4492418626153632,0.9225439661639434,9.197663156112755,10.561313086030053,8.679719760168997
0.6183817141354497,0.492516181497617,1.1438694065613657,0.7313075073178054,0.536613121735893,1.132569465261333,10.879154133731362,14.183422650985362,16.044586629161618
0.5030873596092676,0.7777063457913678,0.9231804349346775,0.5498766716033621,0.8165203154079577,0.9166153591617313,11.853676927807344,15.584061687778528,11.607822319734106
0.572300423495615,0.5450871593322456,1.1972851608961954,0.6020060628500147,0.6165681783286905,1.1732737363986245,10.332579380758927,15.004243809889912,10.535813774865177
0.4023369357478964,0.4989406835956557,0.914286666947051,0.4796931720711163,0.5880356838798072,0.8671507917069672,12.427269028779156,9.362811843352612,7.163165287137625
0.40305866865718804,0.4561470792316933,0.8371904285433261,0.4126896645085343,0.5211446837553646,0.7990066379624303,13.222096291574177,7.80330928635866,5.5392978170251475
0.36928531140135407,0.27263881102535586,0.9495446163438632,0.41544125567608353,0.35010498722504385,0.9263559094704762,12.982612427970906,10.04754357512839,6.797558370759689
0.5309824623171142,0.47248863212169345,0.8417164839532901,0.4980724923029882,0.4804304408112027,0.7805215298004444,9.690242021922844,9.879999954849875,9.64523603057522
0.527865070691339,0.5932235265027948,1.0119891583511575,0.46575346562009057,0.6446991903887694,1.0211750154648007,12.944570519618576,9.453494511605214,10.884518141781138
0.5242717876806109,0.448681220507735,0.7769334601870811,0.47395587427361563,0.4931140875163602,0.6972011548652126,11.23323977380831,11.030002469864522,7.229879851719369
0.36578799666526574,0.4697781368111047,0.9225153059524626,0.401597109155347,0.5095757450367047,0.9045400176328101,11.672772545813759,8.682111645618447,7.479229404453307
0.5928813093659008,0.5316343505257813,1.1583983685732093,0.6070128617325159,0.5241663859094345,1.1425076518477666,10.876862106366657,11.746366144680147,12.746813705567087
0.5267460284959484,0.522253828607935,0.9844572375782595,0.5582698788315696,0.5893820572661457,0.9719469033897953,14.002244491522834,11.154131676708023,10.586141382786773
0.4090449249032332,0.34142017654375223,0.8875695943401506,0.40797032347058565,0.35573475762745677,0.8746554344926073,8.608538954376133,8.389497428680125,9.190427909218974
0.42047072469378205,0.6770347353126946,0.6791769006454709,0.3895533686631186,0.6549815152903152,0.6977171173058325,10.804587363839971,8.807719702811246,6.747113249632696
0.43704317237964874,0.2860315892499658,0.590339966545294,0.46267685411810955,0.3515107376784552,0.6050028022254674,9.950764715039929,17.048050803462626,16.596787025164254
0.5384135970099089,0.5839673196585116,1.0278141517265438,0.5835096645385147,0.5100589282254798,0.9898375169961569,13.261391902728546,13.115466929411573,14.538427666932304
0.4438793156183569,0.5502808927101529,1.105051630037337,0.4877714125566353,0.5940812556278404,1.1056112146190158,9.581076368476163,11.071907832131547,6.607155511987008
0.5470457090026158,0.5958082221040792,0.9563847162159386,0.5951699590787962,0.6061237003678949,0.9251831158708669,10.643988619550909,10.531967832916388,12.119073139276038
0.5024108158246374,0.7408687063734174,0.9447072366502557,0.5693330798807268,0.7475944463736918,0.9649809329383707,13.481171235354855,9.43459965512196,10.807944183804983
0.4523715165605489,0.5117906289025241,0.8636437103404628,0.4370637518735911,0.56061974540806,0.8051833241632251,8.241775068716688,8.55438040810446,10.857309132868796
0.5295579080417284,0.6971306317691593,0.9218583921861201,0.5969538842683308,0.710018826202568,0.8994016276072428,9.221805797758156,12.127076943448275,8.66084884845498
0.48593857863680984,0.5986885262584073,0.902426936579211,0.5356790775807496,0.6596100469621682,0.8379529128049609,11.76083774818956,13.029957265253229,9.772884212477058
0.3617523850700831,0.6559107695687488,1.0018955004131187,0.4093843904453577,0.6329953699572309,1.0034569265465418,10.45590954721222,7.402891568428091,4.6823365478199435
0.38135595817861934,0.5789102397254765,1.0678989016293385,0.4556839707823689,0.6315067163315031,1.0609175059945932,10.640517124722113,8.599068776215464,9.830453592170961
0.3273388544987882,0.597814816404889,1.008154663883754,0.4388271342386282,0.6064497421947467,1.0249706342798404,13.423704859804745,11.999240431763534,10.172066945977182
0.4889131839982895,0.5923719178826997,0.8978345765359146,0.5435094674029305,0.6411018687106407,0.8691692864023737,7.568673481935515,11.27249450473918,6.254630459653197
0.31041540108184285,0.6316163604717608,1.1391427009276978,0.3867300206026217,0.6426944467011317,1.150595914266191,11.334229597772675,10.060110363052624,11.233138769039535
0.47558063365296266,0.5989072417459333,1.051223831818153,0.5105515629845754,0.6014199140288261,1.024843714714087,13.99529801432464,11.965922658811257,9.240436178733725
0.4953089237377801,0.28644412812734243,0.8895187109508832,0.5051010184094107,0.351091897261643,0.8554133828854259,8.578578670541669,14.120378995907945,18.114090058712858
0.4037191059298487,0.40341541146534476,0.7782704345066018,0.39106241530025765,0.5035186675752744,0.734132950583606,9.901326633600489,10.544821197784257,9.133968425978274
0.5558097787039946,0.590902661478886,0.992941921888858,0.5630389907329578,0.6360492052696618,0.9539083777853848,10.067086340903813,11.30570955587,12.475099861506417
0.41413544827608395,0.5446973697361817,0.9985985453677971,0.39476193210113236,0.5992957025758269,1.0034099376989551,11.331525659713467,8.693171525342883,6.380388916930461
0.37313277114751003,0.4780652317470759,0.7871007414969333,0.33768279131739154,0.5371956499080891,0.7324024915489129,6.8443676242558915,9.255960323822544,7.788307180428628
0.37998040696245283,0.367525970395976,0.8600380570234317,0.4065985094352856,0.4395320969195145,0.8376939910699127,10.95636215098029,10.656299746533012,9.090426510376773
0.6039332532440774,0.36805228096356596,0.8632954903424183,0.5134539398140338,0.5010381890264856,0.8376527791783513,10.863485101648841,14.725928433638611,8.766146727019688
0.4590044704748223,0.4763676731624432,0.9494775515175902,0.5073831170852594,0.552404727881838,0.9076807087057294,9.681369698074466,14.598747729106348,13.564982879355373
0.49942552772189375,0.36468049003899733,1.0641611453114708,0.5351574073776104,0.43170736955416655,1.050570075619473,12.800941256155632,10.353116180163532,7.961211354289283
0.5341878953371831,0.40024183397343915,1.0066950809851514,0.6381667810940161,0.4721771445546898,0.9730875464124334,10.905567375722473,13.643467160627361,20.532786731618035
0.43157363959993816,0.6150638782248953,0.8567100918765036,0.5273756386401086,0.5754299757155505,0.8182988868452608,9.604452115800607,7.953980180917339,10.826315255951336
0.32432999068520446,0.42924698695453345,0.9130188280485848,0.3529950742707775,0.45237356077857466,0.9157657503664639,8.803411492480727,10.536475801728937,12.148250697951347
0.561732165935941,0.5696463677218503,0.985884402154287,0.5332379175586843,0.6217561819399312,0.9749530109219903,8.150166439008354,12.911221137153893,23.478663158616357
0.42763329068322264,0.6083840259545429,0.7970025713801352,0.4356600369163447,0.6599671320155,0.7723466106683117,9.128579519705664,11.085654319280723,6.621722008482631
0.5524348989368001,0.6736849502141619,1.0089701064452858,0.5470587377095976,0.6870341150132213,1.0076576438230094,7.33944062107087,11.815834438296678,20.171878923537673
0.302204386632704,0.5074418932389965,0.8200475514251092,0.29527119883089537,0.5797064750399118,0.8220816745452632,9.297919304234748,7.103150772603404,9.670535548683684
0.5016092074385726,0.4232819840619029,0.916114635467129,0.5862499965243868,0.47487804719857835,0.9143017044226754,7.291736991614038,9.559471625861462,12.983932544318606
0.48489029384158167,0.34094954062783767,0.9902998760696714,0.5227780545253935,0.37713974761259533,0.9795310545821537,10.299070956414965,13.763459710828853,16.26769671678407
0.3997768619546739,0.38012194588251674,0.7029806723772793,0.4258852779982276,0.47110095794196194,0.6562301082255848,9.310370146629612,8.292392031151424,12.30479869412133
0.5376227943875292,0.5213058525269981,0.8477449417239205,0.5054164437905923,0.5610571714871404,0.8392039831694016,9.609787738551814,9.671603513555617,12.94808195697335
0.37240241175233996,0.42588634998090025,0.865371652495422,0.3544730381313757,0.4823226937696167,0.8380498266521594,10.140483246296602,10.212329132382841,9.590486452122898
0.4626796019776798,0.4215493994025508,0.9025597695788004,0.5038582129489094,0.4174761435167425,0.8840022313745471,7.609934854106656,10.0183069552203,11.597735621599805
0.5663307689095869,0.3987819949907197,0.7842376956783812,0.5979648590810778,0.45806757799851894,0.7566285508340571,9.53786642169891,13.197369942505494,12.401169963767524
0.5387105097045995,0.4018289680136687,0.8556870623399558,0.5136790220061617,0.366861035143657,0.8231322582397514,8.402952652007857,8.092674619497682,7.701748158769976
0.5253674184370861,0.9361223063565288,0.7501540899455389,0.6385128043764167,0.8790583363415344,0.7532403387897043,13.654518161842962,32.805852280546794,39.993962829345726
0.9830931717349563,0.3886729341195276,0.5729323598028304,0.8156661603203579,0.3369115724587181,0.6051624240964804,7.996645023306317,24.737441166203496,24.691257281844965
0.4925555104120234,0.4770908855186105,0.9292920696302371,0.5279451537923796,0.5153061714400623,0.9022994379713029,10.104377007850898,13.250514958701059,12.654252992218957
0.40062114714850616,0.41171458590061183,0.7838639064626731,0.4126017745676888,0.4121221758039289,0.7468824327904275,11.159223598311208,9.011659430944704,12.776624784047488
0.47931242679948344,0.5747594062752792,0.7230724270135247,0.5157108898931749,0.5335704740419851,0.712309118850556,8.128794208395274,10.257478361648896,9.656982606563773
0.5271774718622262,0.5975400002745295,0.7475731607100838,0.527589114816543,0.5627392069131483,0.7413556669164817,8.87664914636735,10.809456375617243,9.446715310057568
0.5427557663465853,0.4407221406024488,0.9964342912856022,0.565187962245161,0.45172764839104035,0.9835099354211505,11.857624348238096,15.63308967493978,21.29920039856114
0.377816792589134,0.45686235071571224,0.6796875806317968,0.34866735230224405,0.4970607934275115,0.6960630396024367,9.635440589753868,13.132623496257212,19.529798721305696
0.8780940918354583,0.5072598021066965,0.5943258996867594,0.6960102604072729,0.41838034797668616,0.588807127840919,7.234644809527513,13.53223904754463,30.404247175729637
0.5798288505254052,0.506747089319911,0.8260146147601105,0.6295793623559366,0.5232119401741129,0.8177881392191029,8.347877279507093,13.159549682945075,11.573270336266694
0.42771871184200483,0.4370952203079801,0.925538463334702,0.4760242473668674,0.42171516627759587,0.9233810737123544,11.088144658015228,10.823902605669629,13.403112938366762
0.5631496427779795,0.4340708474698396,0.8445517425494686,0.5319431627012704,0.445451029687007,0.8248302178681248,10.753516816238223,7.94083364183452,7.757654083733944
0.5500880048353725,0.5374333155417012,0.9881781766398032,0.5320428692120663,0.5555119181815639,1.0028057613027845,12.942371862780293,14.32446020848381,17.42948282278431
0.5542312794421459,0.6109444885494324,0.7618618758948649,0.5449418486998141,0.5882695486628465,0.7685716966256387,7.347113923788658,10.645660079260646,9.895302884952766
0.4672383648210665,0.3255203502380271,0.9356401723890088,0.5224981621275689,0.3876825105813412,0.9324544742189657,12.933436813280915,18.074924496715223,21.67331545409539
0.4699913325690716,0.2669773312427461,0.8432944267852682,0.4382493886025651,0.29388331853605826,0.8525843339978901,8.393455375945534,10.363108762547634,10.817691114556204
0.39542578307180076,0.3844283450902728,0.40490189936800375,0.4013556601688898,0.31865611889725537,0.3679819913331161,4.277668372000279,12.994665081638574,18.794626374487763
0.4580450442138488,0.4996934023818372,0.7336589659542563,0.40213185761507597,0.3985408157760223,0.719288323002045,10.541519904363726,10.816569418856528,7.8706410586654885
0.4684651655648218,0.29964689618290663,0.7594510220468736,0.5254196196275249,0.36552383943202355,0.7256635758748664,9.867247694677861,9.756324410324558,10.779635843659184
0.5954676668212804,0.450309450177439,0.8102582527269331,0.5731316838875492,0.5047954713610715,0.8048180544897967,9.780532734962764,9.898404714258529,13.729404266104991
0.4135145906313724,0.5259142444541464,0.8921787974714088,0.36261256218974175,0.5560977437127264,0.8828363275779079,8.573561683921076,10.374918200332408,8.451815116692181
0.5219918793813002,0.49172935582306204,0.873379750356387,0.5583804558133909,0.5124548097354533,0.8680557083270869,10.19068795200039,11.979829220981015,18.482565407892736
0.531947399831892,0.41716166557384315,0.7217506646847143,0.4641714993075198,0.4404265097280184,0.6875600058422104,8.285271142831759,6.696654034881833,10.582877811191242
0.6842586968416946,0.6474552218679587,0.6019715293718411,0.7502284093278935,0.6586378191006208,0.6136106278633255,6.363169035797477,10.555894942653547,14.424202331621485
0.3956728517639791,0.5177994130581054,0.7933488834327798,0.39842573787520263,0.5156400318691678,0.7860968654825822,8.223966586361094,8.949630805347553,11.873960322927903
0.41892841047353485,0.42210452888166294,0.7210861895100708,0.4773615264893299,0.4256371798478713,0.7011623812311427,7.359915193740364,10.381509969116923,12.730491486777774
0.4388597534653593,0.42825903408292887,0.5962605068984096,0.4576524531672801,0.4019626905788214,0.5596975203370294,7.751939139081604,7.321310493500477,10.05383967870696
0.5186285705152667,0.46147899655673086,0.9426851179552387,0.5289833729935942,0.47760370491637877,0.9327498292219754,8.945968766972968,9.748614049840317,13.965433681241711
0.4108317956277076,0.3411112205814787,1.2288776465806108,0.43850192204109706,0.45119778695906343,1.1520351648459273,12.076225309716927,14.002312218675145,14.726407451574252
0.5426637596755409,0.4861209446997609,0.9696928020504648,0.5904757737555513,0.45994215618558504,0.9564433467961614,11.868941049850664,12.163170928985158,16.43664622420558
0.4024521501135907,0.287432129831054,0.8453620908275472,0.46178253904428,0.3162659156860949,0.8590093844848418,14.784393952752446,12.963662922239044,6.419521396462761
0.5030588033379454,0.2830446574883828,0.9125237305473068,0.5665282587748297,0.2512561918119712,0.8798736305185861,10.15233538002256,9.565468622159155,10.616415619441522
0.43619140421681235,0.46532099856551307,0.8492043704250736,0.4165004701352481,0.5382587660142044,0.8727385862562128,12.715473528145278,9.457374854799081,13.486556048887676
0.5802667126611535,0.7615390546987197,0.936667924591394,0.5644202364640459,0.733768842217699,0.9234056567869168,7.847820844739591,13.270300381329593,21.671729086837463
0.47761052866818005,0.39122760510453863,0.827903611889199,0.5025180966386376,0.44938741358740575,0.8356587826432933,10.191959905423628,8.388040965578933,9.283955005451615
0.4497945614099783,0.4449767961812219,0.9337408271987337,0.4894491228214977,0.5486435397271165,0.9489892162054024,9.542597479928121,12.336000306984694,7.536102002632153
0.5231669968555218,0.4270348812033148,0.9448194216996854,0.5933354481503728,0.5272344182491552,0.9298355115846938,11.66691310009127,12.261170309376265,18.61679891702361
0.4855147390437898,0.722164609945703,1.0555486858581935,0.5016398298317595,0.7197537489033081,1.0604450148236224,9.575494337665118,14.83514735014117,11.22766529443888
0.6493988699649881,0.6092658902592707,1.1035718381760724,0.7597985107266662,0.6131203154445432,1.0990741374144453,9.964598152216649,14.000932920203928,15.005172445356802
0.5392745462729094,0.5496601378234044,1.0768141450705127,0.6044362406759913,0.5589682111294896,1.0664443935672427,9.699394697556427,9.916788830836163,13.061767060795844
0.3617971133737079,0.5102059891371273,0.7677921516459008,0.46850038984760484,0.5740021019310568,0.7344201159170602,12.484658039646897,11.73764665876769,9.403694516661773
0.6178852866306289,0.5487375909499169,1.0542383011949,0.604077630043289,0.5571897103879419,1.048226180292133,11.977150902015184,13.343144287314027,18.98308331073455
0.4355998609245515,0.5554591077117748,0.8437017861074589,0.44031273846822827,0.5302915341711391,0.8223977739612228,7.893756390823664,8.931031570578774,9.402075554447087
0.4898698648992139,0.6555440109591382,0.8222813196719215,0.43575612669491215,0.6999488773410527,0.7875969999190673,7.240728050649536,10.658635447079547,15.930658580774391
0.3928395683533003,0.6522291646450855,0.959697906104462,0.3719400887954189,0.7022219320575792,0.9403112946018863,9.275507069666412,10.466525303643145,12.473960385855053
0.5826410087459404,0.5656490292650418,0.9449995102298178,0.626317788293808,0.5928856309382704,0.8973065597164303,9.630287678518345,12.4073817423082,15.02722549816755
0.6651647050696285,0.8188835876440327,1.030470918720193,0.7188397219120111,0.8297201360373678,1.0254874718930562,10.588792232736829,13.40073532439686,9.488008410803202
0.4716228139784833,0.44871345201866525,0.9887014077481333,0.48773419583737004,0.4891291013844729,0.9608137179687544,8.23987874426656,10.728639848447951,7.538456439156404
0.5992375246064304,0.4970070202882432,1.247180789695005,0.650802461219899,0.5637894164897489,1.2174995600671081,13.059198217162418,14.983188891294034,15.507334102783963
0.5477918535347241,0.5010971366951078,0.8914061490926327,0.6074635007041619,0.5797093219949673,0.8443457481253247,12.703230018154278,9.541527777961287,10.140808177812602
0.5662588870574559,0.4467535941197797,1.0023956453779495,0.5592267831384664,0.49974210592621515,0.9689684781389007,8.000017745898987,7.120665503480096,11.574788035740951
0.6481656184604345,0.5442260295327609,1.0571330945083015,0.6627461500287037,0.608456929703071,1.049408980413422,15.169973343057626,11.57598801225766,8.064369941823411
0.4003620962763513,0.47745317484889194,0.8680250066809082,0.41437473136480374,0.49269724007469784,0.8461056983510821,5.276421512615387,6.731771857600173,6.587423444699432
0.6408052705153803,0.5274814735233263,0.9548824816542284,0.6926139467023132,0.5328007080306519,0.9152182638768854,8.879186747589934,10.300384940860118,9.966846962644697
0.7318240755739053,0.4010762667784595,1.2194677930843163,0.7702050514970025,0.41438953569331405,1.2019062280190682,10.901652569434571,11.301576539995155,10.418395742340406
0.3826110779676128,0.3693184884244502,0.8482622787765777,0.39636016559546344,0.43751369760572406,0.8104378555857508,8.557872534597028,8.587047135419885,8.315919456975893
0.3117450202293703,0.5871492539025097,1.0955612890069535,0.3208471866873842,0.6119281424659081,1.1066977078974218,10.321615053483796,11.691500602083531,12.67734383534886
0.3489099811187812,0.3674633310710853,0.5477214494871897,0.348228277238326,0.42047498963452173,0.5384010468332358,7.687597667356581,11.400295969697156,13.0310403637725
0.6467603148163364,0.6597614942176373,1.258422907899085,0.7036099759235583,0.6242325543329615,1.243414816775849,9.476197776698076,16.362219695635183,10.195756779493458
0.42355457406216807,0.7257360175664662,1.1449807080985728,0.44600010672921775,0.7182503529721169,1.142401608695563,11.025125963780376,10.957973615896888,8.837461988103389
0.42752183010043115,0.7172863897551359,1.0303203615915937,0.4621930886848774,0.7843069883469413,1.0280917041233686,9.960036170017734,9.684992264425874,12.058852163380607
0.44582568772835174,0.7212401130811403,0.9935473003957604,0.49293236471445423,0.7860351905859903,0.9680682116162058,11.752544122161384,9.593551282481734,7.410227157231467
0.6155392813658618,0.7679193915327714,0.9347919951225764,0.671461172500402,0.8035048967727514,0.911625672295594,5.928317099034793,10.220494128786347,12.500208957443347
0.40622315947602994,0.7140283304471338,1.0992981810574105,0.4476439706009891,0.7460765721873118,1.0912844606863548,10.813282635982901,9.98553574534159,9.751306979100029
0.49882371257426245,0.7695228143188895,1.0768620215935591,0.5405465039828415,0.7388560035168809,1.0663041989186188,8.893954031561512,6.335348459692809,8.392439141614355
0.4763770389815633,0.47282153820751377,0.9045605935339993,0.5108311243107,0.5616675308779577,0.8707788184253622,11.635204819488896,9.315603801887825,11.198952562991867
0.629308332910376,0.7052679485009018,0.9781436881734931,0.6595185314849348,0.6868639671157774,0.9685484928311002,10.195100796325486,11.170377987469907,11.16984997282748
0.3685217184281225,0.4604533312908782,1.0162741256449752,0.3697681141421064,0.5143485333073401,0.9948142542802458,8.822111901258532,7.958487873487999,8.55817933336254
0.6507385200307746,0.6839577475761557,1.3018865784333977,0.6906574142351678,0.6905150899217003,1.303314373291143,9.85181427329059,14.655092415103523,8.805808169300807
0.6894754816979346,0.5437771319575808,0.9713496630421615,0.7127480294299288,0.5553014832576662,0.9013657903293596,8.936159826497208,10.316353677262608,8.45836599895752
0.6620375165503667,0.6814666866719113,0.9410062714757879,0.76802716006184,0.6823122223200182,0.8889762848997771,10.761465921307776,13.338053269696402,11.288895663855442
0.5684979623027813,0.6708959855519487,1.1300009568185796,0.6568859210183114,0.6860394331988268,1.1548250492165066,9.748437490034943,10.305545889756242,5.793599699989043
0.6458378540517037,0.7019132193007084,1.0127181432297028,0.727967239165797,0.7822399074237394,1.0255388565205723,12.395013512130188,9.432979092197066,14.226214051725739
0.3417938977999833,0.6980515826009788,1.124539145295651,0.37225465740156155,0.7378529853755801,1.1220443568660747,10.463411731691732,10.027506910075799,7.444847209733114
0.5610926782420507,0.5602438731860319,0.9778760076703853,0.5671506050383912,0.5876264236535257,0.9599915051905337,11.53123824891345,11.933305872745413,11.52103079542851
0.5453723476249315,0.4483460100688395,1.0231601542800735,0.5920721406025687,0.5209468288144196,0.9617629689943179,11.702494168049025,12.105313455621259,12.694289369279831
0.5480175765045607,0.6699603813492584,0.853824431695593,0.5733847495979392,0.706506552130952,0.8598158706432505,9.218154942654815,8.36044073437746,6.839063820872747
0.541203869117389,0.340732149945668,1.056283758591786,0.5942308933728406,0.406620039803722,1.0288965939619472,8.804426988584485,17.00700150090232,13.388413181803804
0.5072048636678353,0.5298221409960597,0.9919014891711542,0.5482972694180445,0.5968089207954294,0.9899175891215375,12.627992157338644,13.703293244956706,14.31005925709894
0.48200668740151364,0.4541407243633847,0.7942783223718068,0.5700452881060329,0.5297042941636613,0.7570897231190643,10.62651117348396,11.324152721064353,13.049419420043447
0.5994026528872987,0.5566315190946501,1.0520432368197212,0.7161478374535528,0.6127648735682056,1.0445902481742295,11.95903356554743,17.832614259030116,22.896537049616327
0.5081135860028794,0.49219897405189533,0.9269203318766841,0.6057665668894402,0.5164202887339456,0.9191553657702406,9.836633251981203,12.28559449456553,12.770070529754188
0.4642401227592029,0.46723280532854067,0.8802094104192676,0.4871228169741999,0.5271706263414984,0.8855416869737733,9.386927376522799,8.712007310014682,14.996272198282135
0.5821344074407447,0.5427605659403257,1.2814356258362318,0.5426126170998582,0.5809097215179442,1.283021998719206,10.489596942971936,10.083021917400032,5.474461222304821
0.3538659752448337,0.779926332033897,1.0150095346153511,0.38421247096664907,0.8107528939606323,1.0068678563121432,9.652876443774659,12.054968207502403,12.930383710572197
0.42952816341875055,0.3943006993359303,0.8322151928687803,0.42205290442540266,0.4519893173284788,0.8130778534001064,11.074012817035346,8.52101049049467,7.107325660095131
0.5972910227224124,0.5101766483487487,0.9416136581262408,0.5778287251866076,0.43907646816179285,0.8971325463125416,8.920740903413964,9.128108187813723,11.236953698787733
0.5497764478513851,0.5043823486824112,0.8376639942107202,0.6561319979139648,0.5447701885917894,0.808821615178904,9.289806528764517,11.963909889355833,9.74659959188595
0.4382769189863434,0.5448875442876858,0.9427452144815741,0.4437122950384818,0.6101480660366819,0.9305753301600161,13.648118488688215,10.691518657201877,9.236698508829996
0.6423437659252264,0.5281778688699088,0.8079230401512278,0.6655892786525378,0.5482643926817237,0.8024107460284042,9.371666878170355,13.809627206644606,11.530886010827887
0.6771019880928303,0.4383286963353241,1.0572806666871115,0.7222702798475489,0.4805780275592932,1.0364621349269907,6.1627114220382175,11.958154589806197,13.79968481036554
0.5349427231817206,0.498136125575354,1.0143111813456518,0.5457721975690893,0.5545117079571601,0.9838775489138613,10.924855662606372,10.444254718924045,7.745278674789924
0.5362647263576625,0.3910765145283966,0.8783732057942697,0.542670711524905,0.44559102396847433,0.8337460484166733,10.42827196503025,9.124808686657598,7.890603371703405
0.6369842409224092,0.2984301010459033,1.2075436340070596,0.7317580726028786,0.3260832508385979,1.1910587773219752,12.448005011859658,13.773679646063249,14.928626782866022
0.46790177714934844,0.9073159592615218,0.9536317895858348,0.3548271695840837,0.8186917102852552,0.9536914838129705,9.044793466010715,32.181692055314464,31.903811695939712
0.9990522753195265,0.9027824843953944,0.7654335806189803,0.6324538926719724,0.7897990533798138,0.7509783114243855,10.196438668041306,25.877040602878132,41.14514401951566
0.7010143647385658,0.445502999129994,1.0597460726691599,0.7046993831726729,0.5400528087943878,1.1075681682332108,11.882721267225357,14.090028533278232,4.52306646193308
0.5045510099599627,0.32499267967279644,0.9281953611079957,0.4777300788390238,0.39877598415713883,0.9109976460639129,9.485959679109905,11.204589962149809,10.548217433062606
0.6922361880607736,0.6986214329988115,0.7558358429937521,0.7429495496867625,0.7008696798385103,0.761027440596866,11.761527959856709,10.490026109963734,8.283443351094274
0.4657207226856378,0.4952082452706915,0.9168710937294346,0.47284986769740645,0.48310326076416005,0.9154300063833768,8.761923201047464,11.477437939226375,9.452253273526031
0.48778280867502627,0.3654641578159433,1.0346658539105773,0.5452068224252384,0.42589117345296895,1.0275051727018754,12.983264392848282,17.970709758941812,18.54251394620903
0.5533296116776517,0.3629000256721957,0.8686303574897187,0.5244471019509672,0.38437935857795785,0.8608271237514906,6.792466375135226,9.0990467132951,13.801121493268768
0.557471119835298,0.6649169623179154,1.1323152871352407,0.7073361353437324,0.726242817669698,1.1583350015232556,11.62144236836389,11.01069781789668,6.982543200444355
0.4058689451305647,0.3423440059870855,0.7770150021603378,0.40468340828227967,0.40141718010868344,0.7609669613120913,7.847439531675201,10.136912646191831,12.999375199308163
0.4771657713077218,0.503311364646035,1.0426875619350042,0.47338266684630953,0.5276375600143747,1.0433346025953325,10.92578166897895,8.753718888545405,12.686487985401653
0.4703756531921654,0.3041733520904033,0.9719944479594975,0.49932355261890793,0.39233676109508175,0.9747709852285792,10.962217187783322,10.584781596107948,12.267089505618396
0.49559837047668115,0.4424223187939689,1.3112553986132522,0.5051839716972314,0.6348380011448904,1.205601544036474,12.187393927945738,12.333975417520037,14.825303957513427
0.5073877469128767,0.47205685055070146,1.018967306194405,0.5370460254574877,0.5045812492803257,1.0169206413314305,10.00227553644254,12.223960072717501,18.92682938581847
0.47446319591298314,0.5215407273034962,1.0181140035718714,0.4253078975473687,0.5285254563698897,0.9913011414066474,9.176056509219473,8.666470167220623,10.339221651831663
0.5065163069105381,0.48798243653311596,0.999718444553075,0.5926086510262659,0.616115486059895,1.0292869108638893,5.730451078200217,14.328896198307737,27.516216510820414
0.5516331709120964,0.5586890869383047,1.088053330760529,0.5375130628772202,0.5232056275448622,1.0661967406827941,9.383878267369992,14.66482522486215,18.550691261684527
0.5053192872562424,0.45249106619112545,0.981520986246242,0.564859601315829,0.5271680463878634,0.9794325462808732,10.071361433808608,13.192911636671315,12.575425222000739
0.5787864269659552,0.6004617473639179,1.057691433912838,0.6240216677298169,0.638086912679445,1.0656252270113664,10.482787793960888,9.982953805412876,10.99954963496376
0.6036778709332395,0.6868594850699498,0.9232517379479805,0.7325006901034361,0.7609756653410026,0.908990967267605,11.552078235490773,11.246886686883576,23.23881574910226